{"cameraMode":{"drawMode":0,"name":"Shaded","section":"Shading Mode"},"sceneLighting":false,"audioPlay":false,"sceneViewState":{"m_AlwaysRefresh":false,"showFog":true,"showSkybox":false,"showFlares":true,"showImageEffects":true,"showParticleSystems":true,"showVisualEffectGraphs":true,"m_FxEnabled":true},"in2DMode":false,"pivot":{"x":-0.9059589505195618,"y":0.1367967277765274,"z":1.7775070667266846},"rotation":{"x":0.07805144041776657,"y":0.9056105613708496,"z":-0.18643668293952943,"w":0.3732207715511322},"size":4.112759113311768,"orthographic":false}