{"cameraMode":{"drawMode":0,"name":"Shaded","section":"Shading Mode"},"sceneLighting":false,"audioPlay":false,"sceneViewState":{"m_AlwaysRefresh":false,"showFog":true,"showSkybox":false,"showFlares":true,"showImageEffects":true,"showParticleSystems":true,"showVisualEffectGraphs":true,"m_FxEnabled":true},"in2DMode":false,"pivot":{"x":57.26689910888672,"y":0.9227209091186523,"z":70.68541717529297},"rotation":{"x":0.0017028654692694545,"y":0.9982119202613831,"z":0.04914218932390213,"w":-0.03446681424975395},"size":0.580873429775238,"orthographic":false}