{"cameraMode":{"drawMode":0,"name":"Shaded","section":"Shading Mode"},"sceneLighting":false,"audioPlay":false,"sceneViewState":{"m_AlwaysRefresh":false,"showFog":true,"showSkybox":false,"showFlares":true,"showImageEffects":true,"showParticleSystems":true,"showVisualEffectGraphs":true,"m_FxEnabled":true},"in2DMode":false,"pivot":{"x":56.17281723022461,"y":1.3901066780090333,"z":71.54046630859375},"rotation":{"x":-0.005481591913849115,"y":0.9594122171401978,"z":-0.28140655159950259,"w":-0.018728403374552728},"size":0.6628730893135071,"orthographic":false}