{"cameraMode":{"drawMode":0,"name":"Shaded","section":"Shading Mode"},"sceneLighting":false,"audioPlay":false,"sceneViewState":{"m_AlwaysRefresh":false,"showFog":true,"showSkybox":false,"showFlares":true,"showImageEffects":true,"showParticleSystems":true,"showVisualEffectGraphs":true,"m_FxEnabled":true},"in2DMode":false,"pivot":{"x":-13.632357597351075,"y":18.378747940063478,"z":-4.1740570068359379},"rotation":{"x":-0.031818944960832599,"y":0.9655918478965759,"z":-0.14297401905059815,"w":-0.21491242945194245},"size":35.35533905029297,"orthographic":false}