{"cameraMode":{"drawMode":0,"name":"Shaded","section":"Shading Mode"},"sceneLighting":false,"audioPlay":false,"sceneViewState":{"m_AlwaysRefresh":false,"showFog":true,"showSkybox":false,"showFlares":true,"showImageEffects":true,"showParticleSystems":true,"showVisualEffectGraphs":true,"m_FxEnabled":true},"in2DMode":false,"pivot":{"x":16.23263931274414,"y":-0.0001125335693359375,"z":13.581275939941407},"rotation":{"x":0.34536898136138918,"y":0.37330198287963869,"z":-0.15222477912902833,"w":0.8475172519683838},"size":4.4138078689575199,"orthographic":false}