{"cameraMode":{"drawMode":0,"name":"Shaded","section":"Shading Mode"},"sceneLighting":false,"audioPlay":false,"sceneViewState":{"m_AlwaysRefresh":false,"showFog":true,"showSkybox":true,"showFlares":true,"showImageEffects":true,"showParticleSystems":true,"showVisualEffectGraphs":true,"m_FxEnabled":true},"in2DMode":false,"pivot":{"x":583.1077270507813,"y":306.0538635253906,"z":17.972257614135743},"rotation":{"x":0.043483179062604907,"y":-0.011988372541964054,"z":0.0005218139267526567,"w":0.9989824891090393},"size":191.4300537109375,"orthographic":true}