{"cameraMode":{"drawMode":0,"name":"Shaded","section":"Shading Mode"},"sceneLighting":false,"audioPlay":false,"sceneViewState":{"m_AlwaysRefresh":false,"showFog":true,"showSkybox":true,"showFlares":true,"showImageEffects":true,"showParticleSystems":true,"showVisualEffectGraphs":true,"m_FxEnabled":true},"in2DMode":false,"pivot":{"x":1000.5995483398438,"y":228.30589294433595,"z":-63.42401123046875},"rotation":{"x":-0.17797566950321198,"y":0.02852320298552513,"z":0.006161331664770842,"w":0.9837192893028259},"size":191.08612060546876,"orthographic":false}