{"cameraMode":{"drawMode":0,"name":"Shaded","section":"Shading Mode"},"sceneLighting":false,"audioPlay":false,"sceneViewState":{"m_AlwaysRefresh":false,"showFog":true,"showSkybox":true,"showFlares":true,"showImageEffects":true,"showParticleSystems":true,"showVisualEffectGraphs":true,"m_FxEnabled":true},"in2DMode":false,"pivot":{"x":704.7733154296875,"y":293.3160705566406,"z":-119.17434692382813},"rotation":{"x":-0.19697676599025727,"y":0.04573309049010277,"z":0.010154703631997109,"w":0.9794130325317383},"size":220.02574157714845,"orthographic":false}