{"cameraMode":{"drawMode":0,"name":"Shaded","section":"Shading Mode"},"sceneLighting":false,"audioPlay":false,"sceneViewState":{"m_AlwaysRefresh":false,"showFog":true,"showSkybox":true,"showFlares":true,"showImageEffects":true,"showParticleSystems":true,"showVisualEffectGraphs":true,"m_FxEnabled":true},"in2DMode":false,"pivot":{"x":522.68701171875,"y":113.04891967773438,"z":-304.1350402832031},"rotation":{"x":0.07930304855108261,"y":-0.019538676366209985,"z":-0.002925648121163249,"w":-0.9967034459114075},"size":0.8995097875595093,"orthographic":false}