{"cameraMode":{"drawMode":0,"name":"Shaded","section":"Shading Mode"},"sceneLighting":false,"audioPlay":false,"sceneViewState":{"m_AlwaysRefresh":false,"showFog":true,"showSkybox":true,"showFlares":true,"showImageEffects":true,"showParticleSystems":true,"showVisualEffectGraphs":true,"m_FxEnabled":true},"in2DMode":false,"pivot":{"x":505.00360107421877,"y":110.21195983886719,"z":-321.8197021484375},"rotation":{"x":0.11518227308988571,"y":0.010379605926573277,"z":-0.00017166658653877676,"w":-0.993338942527771},"size":0.8995097875595093,"orthographic":false}